[
  {
    "id": 1,
    "name": {
      "first": "Paige",
      "last": "Bools"
    },
    "birthDate": "1995-02-04T07:34:45Z",
    "contact": {
      "phone": "8989068955",
      "email": "pbools0@webmd.com"
    },
    "address": {
      "street": "476 Veith Parkway",
      "city": "Cuamba",
      "country": "Mozambique"
    },
    "accessCount": 776,
    "isManager": false
  },
  {
    "id": 2,
    "name": {
      "first": "Elle",
      "last": "Bellord"
    },
    "birthDate": "2011-10-20T22:55:21Z",
    "contact": {
      "phone": "3147118248",
      "email": "ebellord1@blinklist.com"
    },
    "address": {
      "street": "31 Bay Plaza",
      "city": "Krasne",
      "country": "Ukraine"
    },
    "accessCount": 491,
    "isManager": true
  },
  {
    "id": 3,
    "name": {
      "first": "Drake",
      "last": "Arundale"
    },
    "birthDate": "1987-10-12T18:17:16Z",
    "contact": {
      "phone": "9115805799",
      "email": "darundale2@google.co.uk"
    },
    "address": {
      "street": "3605 Bluejay Alley",
      "city": "Datong",
      "country": "China"
    },
    "accessCount": 222,
    "isManager": false
  },
  {
    "id": 4,
    "name": {
      "first": "Maggee",
      "last": "Merck"
    },
    "birthDate": "1993-11-24T22:51:30Z",
    "contact": {
      "phone": "8356580199",
      "email": "mmerck3@google.ru"
    },
    "address": {
      "street": "265 Rockefeller Circle",
      "city": "Sirnarasa",
      "country": "Indonesia"
    },
    "accessCount": 731,
    "isManager": false
  },
  {
    "id": 5,
    "name": {
      "first": "Tad",
      "last": "Folomkin"
    },
    "birthDate": "1988-02-02T10:35:54Z",
    "contact": {
      "phone": "6855641328",
      "email": "tfolomkin4@facebook.com"
    },
    "address": {
      "street": "4930 Crownhardt Place",
      "city": "Wuping",
      "country": "China"
    },
    "accessCount": 752,
    "isManager": false
  },
  {
    "id": 6,
    "name": {
      "first": "Aindrea",
      "last": "Bellingham"
    },
    "birthDate": "2004-03-13T09:04:44Z",
    "contact": {
      "phone": "7691775203",
      "email": "abellingham5@buzzfeed.com"
    },
    "address": {
      "street": "0370 Sauthoff Place",
      "city": "Tahoua",
      "country": "Niger"
    },
    "accessCount": 667,
    "isManager": false
  },
  {
    "id": 7,
    "name": {
      "first": "Nikolai",
      "last": "Pervoe"
    },
    "birthDate": "2009-10-31T14:23:24Z",
    "contact": {
      "phone": "3671430223",
      "email": "npervoe6@jimdo.com"
    },
    "address": {
      "street": "133 Waubesa Park",
      "city": "Rizómilos",
      "country": "Greece"
    },
    "accessCount": 373,
    "isManager": false
  },
  {
    "id": 8,
    "name": {
      "first": "Annemarie",
      "last": "Jozefowicz"
    },
    "birthDate": "1993-12-04T08:41:27Z",
    "contact": {
      "phone": "2903773770",
      "email": "ajozefowicz7@timesonline.co.uk"
    },
    "address": {
      "street": "85 Algoma Pass",
      "city": "Shinshiro",
      "country": "Japan"
    },
    "accessCount": 656,
    "isManager": true
  },
  {
    "id": 9,
    "name": {
      "first": "Montgomery",
      "last": "DeMars"
    },
    "birthDate": "2011-04-04T05:10:45Z",
    "contact": {
      "phone": "3109891356",
      "email": "mdemars8@toplist.cz"
    },
    "address": {
      "street": "218 Memorial Parkway",
      "city": "Ninghai",
      "country": "China"
    },
    "accessCount": 0,
    "isManager": true
  },
  {
    "id": 10,
    "name": {
      "first": "Harvey",
      "last": "Kirk"
    },
    "birthDate": "1995-04-20T01:17:34Z",
    "contact": {
      "phone": "5552957745",
      "email": "hkirk9@phoca.cz"
    },
    "address": {
      "street": "23 Holy Cross Crossing",
      "city": "Krasnotorka",
      "country": "Ukraine"
    },
    "accessCount": 608,
    "isManager": true
  },
  {
    "id": 11,
    "name": {
      "first": "Siegfried",
      "last": "Menego"
    },
    "birthDate": "1982-10-14T19:27:56Z",
    "contact": {
      "phone": "3399015168",
      "email": "smenegoa@facebook.com"
    },
    "address": {
      "street": "5 Warbler Center",
      "city": "Mlimba",
      "country": "Tanzania"
    },
    "accessCount": 237,
    "isManager": true
  },
  {
    "id": 12,
    "name": {
      "first": "Rosella",
      "last": "Andreone"
    },
    "birthDate": "1987-09-28T00:07:54Z",
    "contact": {
      "phone": "9419780199",
      "email": "randreoneb@examiner.com"
    },
    "address": {
      "street": "97423 Coleman Point",
      "city": "Vila Fria",
      "country": "Portugal"
    },
    "accessCount": 629,
    "isManager": false
  },
  {
    "id": 13,
    "name": {
      "first": "Kendell",
      "last": "Jaggli"
    },
    "birthDate": "1989-01-19T16:47:09Z",
    "contact": {
      "phone": "7085343021",
      "email": "kjagglic@squidoo.com"
    },
    "address": {
      "street": "8 Bayside Drive",
      "city": "Lintan Chengguanzhen",
      "country": "China"
    },
    "accessCount": 585,
    "isManager": false
  },
  {
    "id": 14,
    "name": {
      "first": "Candace",
      "last": "McDonald"
    },
    "birthDate": "1981-04-23T23:55:23Z",
    "contact": {
      "phone": "1522523908",
      "email": "cmcdonaldd@archive.org"
    },
    "address": {
      "street": "50542 Melrose Trail",
      "city": "Baishui",
      "country": "China"
    },
    "accessCount": 772,
    "isManager": false
  },
  {
    "id": 15,
    "name": {
      "first": "Olwen",
      "last": "Haddleton"
    },
    "birthDate": "2011-02-16T06:59:51Z",
    "contact": {
      "phone": "3838939862",
      "email": "ohaddletone@w3.org"
    },
    "address": {
      "street": "71445 Maple Road",
      "city": "Maiorca",
      "country": "Portugal"
    },
    "accessCount": 0,
    "isManager": true
  },
  {
    "id": 16,
    "name": {
      "first": "Beatrix",
      "last": "Bahls"
    },
    "birthDate": "1989-03-12T19:37:58Z",
    "contact": {
      "phone": "4336993276",
      "email": "bbahlsf@comsenz.com"
    },
    "address": {
      "street": "01 Crescent Oaks Place",
      "city": "Mucurapo",
      "country": "Trinidad and Tobago"
    },
    "accessCount": 631,
    "isManager": false
  },
  {
    "id": 17,
    "name": {
      "first": "Odell",
      "last": "Godbehere"
    },
    "birthDate": "2016-02-13T06:38:33Z",
    "contact": {
      "phone": "8086312787",
      "email": "ogodbehereg@jiathis.com"
    },
    "address": {
      "street": "48274 4th Parkway",
      "city": "Potou",
      "country": "China"
    },
    "accessCount": 695,
    "isManager": true
  },
  {
    "id": 18,
    "name": {
      "first": "Guglielmo",
      "last": "Ordemann"
    },
    "birthDate": "1986-01-15T00:15:36Z",
    "contact": {
      "phone": "4411343068",
      "email": "gordemannh@ihg.com"
    },
    "address": {
      "street": "72 Darwin Terrace",
      "city": "Limeiras",
      "country": "Portugal"
    },
    "accessCount": 559,
    "isManager": false
  },
  {
    "id": 19,
    "name": {
      "first": "Nicolis",
      "last": "Hallgath"
    },
    "birthDate": "2018-11-10T03:13:17Z",
    "contact": {
      "phone": "1401471307",
      "email": "nhallgathi@stumbleupon.com"
    },
    "address": {
      "street": "7150 Elmside Way",
      "city": "Jiwei",
      "country": "China"
    },
    "accessCount": 788,
    "isManager": true
  },
  {
    "id": 20,
    "name": {
      "first": "Aubert",
      "last": "Croser"
    },
    "birthDate": "2000-11-18T00:38:25Z",
    "contact": {
      "phone": "6006476341",
      "email": "acroserj@thetimes.co.uk"
    },
    "address": {
      "street": "279 Hudson Plaza",
      "city": "Estevan",
      "country": "Canada"
    },
    "accessCount": 693,
    "isManager": true
  },
  {
    "id": 21,
    "name": {
      "first": "Emmit",
      "last": "Tallach"
    },
    "birthDate": "1986-08-08T15:32:03Z",
    "contact": {
      "phone": "1815730556",
      "email": "etallachk@chicagotribune.com"
    },
    "address": {
      "street": "34 Sloan Court",
      "city": "Paranavaí",
      "country": "Brazil"
    },
    "accessCount": 701,
    "isManager": true
  },
  {
    "id": 22,
    "name": {
      "first": "Raine",
      "last": "Boig"
    },
    "birthDate": "1986-03-11T19:52:26Z",
    "contact": {
      "phone": "1375341869",
      "email": "rboigl@imgur.com"
    },
    "address": {
      "street": "5 John Wall Terrace",
      "city": "Deshan",
      "country": "China"
    },
    "accessCount": 732,
    "isManager": true
  },
  {
    "id": 23,
    "name": {
      "first": "Jemmie",
      "last": "Dearing"
    },
    "birthDate": "2012-09-15T03:20:03Z",
    "contact": {
      "phone": "3022275517",
      "email": "jdearingm@gizmodo.com"
    },
    "address": {
      "street": "7672 Logan Center",
      "city": "Chokwé",
      "country": "Mozambique"
    },
    "accessCount": 411,
    "isManager": false
  },
  {
    "id": 24,
    "name": {
      "first": "Wenonah",
      "last": "Lisimore"
    },
    "birthDate": "2015-07-25T15:58:20Z",
    "contact": {
      "phone": "1056498780",
      "email": "wlisimoren@webs.com"
    },
    "address": {
      "street": "01 Gateway Circle",
      "city": "Dingzigu",
      "country": "China"
    },
    "accessCount": 771,
    "isManager": true
  },
  {
    "id": 25,
    "name": {
      "first": "Alano",
      "last": "Chessill"
    },
    "birthDate": "1995-11-13T20:03:11Z",
    "contact": {
      "phone": "7169822860",
      "email": "achessillo@weebly.com"
    },
    "address": {
      "street": "4262 Dennis Junction",
      "city": "Tumpang",
      "country": "Indonesia"
    },
    "accessCount": 303,
    "isManager": false
  },
  {
    "id": 26,
    "name": {
      "first": "Rhona",
      "last": "Mardall"
    },
    "birthDate": "1988-10-13T14:42:04Z",
    "contact": {
      "phone": "9433421433",
      "email": "rmardallp@bigcartel.com"
    },
    "address": {
      "street": "8484 Veith Junction",
      "city": "Trelleborg",
      "country": "Sweden"
    },
    "accessCount": 684,
    "isManager": false
  },
  {
    "id": 27,
    "name": {
      "first": "Ringo",
      "last": "Habbeshaw"
    },
    "birthDate": "2016-03-12T06:26:06Z",
    "contact": {
      "phone": "6472506797",
      "email": "rhabbeshawq@chronoengine.com"
    },
    "address": {
      "street": "7 Vera Court",
      "city": "Suya",
      "country": "Nigeria"
    },
    "accessCount": 387,
    "isManager": false
  },
  {
    "id": 28,
    "name": {
      "first": "Mal",
      "last": "Doumenc"
    },
    "birthDate": "2017-02-26T02:33:09Z",
    "contact": {
      "phone": "8575628295",
      "email": "mdoumencr@ocn.ne.jp"
    },
    "address": {
      "street": "384 Village Alley",
      "city": "Pakham",
      "country": "Thailand"
    },
    "accessCount": 406,
    "isManager": true
  },
  {
    "id": 29,
    "name": {
      "first": "Tandi",
      "last": "Cuolahan"
    },
    "birthDate": "1988-05-16T18:55:20Z",
    "contact": {
      "phone": "7775976401",
      "email": "tocuolahans@bigcartel.com"
    },
    "address": {
      "street": "6 Monument Hill",
      "city": "Tucaní",
      "country": "Venezuela"
    },
    "accessCount": 543,
    "isManager": true
  },
  {
    "id": 30,
    "name": {
      "first": "Miner",
      "last": "Kinnard"
    },
    "birthDate": "2012-12-11T06:01:49Z",
    "contact": {
      "phone": "7114918711",
      "email": "mkinnardt@nbcnews.com"
    },
    "address": {
      "street": "68 Columbus Center",
      "city": "Sosnovka",
      "country": "Russia"
    },
    "accessCount": 410,
    "isManager": false
  },
  {
    "id": 31,
    "name": {
      "first": "Darius",
      "last": "Delacroix"
    },
    "birthDate": "1996-08-03T06:51:14Z",
    "contact": {
      "phone": "2173617560",
      "email": "ddelacroixu@bloglovin.com"
    },
    "address": {
      "street": "2466 2nd Way",
      "city": "Vaxholm",
      "country": "Sweden"
    },
    "accessCount": 0,
    "isManager": true
  },
  {
    "id": 32,
    "name": {
      "first": "Morley",
      "last": "Studman"
    },
    "birthDate": "2012-05-07T11:49:17Z",
    "contact": {
      "phone": "9172011518",
      "email": "mstudmanv@tiny.cc"
    },
    "address": {
      "street": "2 Fallview Avenue",
      "city": "San Martín",
      "country": "Argentina"
    },
    "accessCount": 311,
    "isManager": false
  },
  {
    "id": 33,
    "name": {
      "first": "Amara",
      "last": "Buret"
    },
    "birthDate": "2015-05-08T23:42:03Z",
    "contact": {
      "phone": "2263475914",
      "email": "aburetw@techcrunch.com"
    },
    "address": {
      "street": "98875 Cascade Circle",
      "city": "Naushki",
      "country": "Russia"
    },
    "accessCount": 347,
    "isManager": false
  },
  {
    "id": 34,
    "name": {
      "first": "Byram",
      "last": "Gomes"
    },
    "birthDate": "1997-04-03T06:23:47Z",
    "contact": {
      "phone": "3733565959",
      "email": "bgomesx@privacy.gov.au"
    },
    "address": {
      "street": "29160 Melrose Terrace",
      "city": "Laiwu",
      "country": "China"
    },
    "accessCount": 282,
    "isManager": true
  },
  {
    "id": 35,
    "name": {
      "first": "Hailee",
      "last": "Hector"
    },
    "birthDate": "2002-04-26T19:42:26Z",
    "contact": {
      "phone": "7962169764",
      "email": "hhectory@diigo.com"
    },
    "address": {
      "street": "83 Utah Terrace",
      "city": "Suishan",
      "country": "China"
    },
    "accessCount": 483,
    "isManager": true
  },
  {
    "id": 36,
    "name": {
      "first": "Madelle",
      "last": "Dackombe"
    },
    "birthDate": "1990-03-06T20:41:17Z",
    "contact": {
      "phone": "3239476178",
      "email": "mdackombez@devhub.com"
    },
    "address": {
      "street": "1364 Arkansas Court",
      "city": "Izingolweni",
      "country": "South Africa"
    },
    "accessCount": 311,
    "isManager": true
  },
  {
    "id": 37,
    "name": {
      "first": "Eolande",
      "last": "Simson"
    },
    "birthDate": "1995-07-03T03:49:25Z",
    "contact": {
      "phone": "7777277559",
      "email": "esimson10@reference.com"
    },
    "address": {
      "street": "164 Duke Pass",
      "city": "Saseel",
      "country": "Indonesia"
    },
    "accessCount": 626,
    "isManager": true
  },
  {
    "id": 38,
    "name": {
      "first": "Loni",
      "last": "Wilman"
    },
    "birthDate": "2008-03-28T13:41:41Z",
    "contact": {
      "phone": "1753297248",
      "email": "lwilman11@hexun.com"
    },
    "address": {
      "street": "4 Packers Drive",
      "city": "Rāwandūz",
      "country": "Iraq"
    },
    "accessCount": 547,
    "isManager": true
  },
  {
    "id": 39,
    "name": {
      "first": "Rebbecca",
      "last": "Salzberg"
    },
    "birthDate": "1991-05-08T14:49:39Z",
    "contact": {
      "phone": "6854231776",
      "email": "rvonsalzberg12@homestead.com"
    },
    "address": {
      "street": "12842 Haas Way",
      "city": "Fordon",
      "country": "Poland"
    },
    "accessCount": 615,
    "isManager": false
  },
  {
    "id": 40,
    "name": {
      "first": "Rudolph",
      "last": "Fenkel"
    },
    "birthDate": "1985-04-20T20:01:57Z",
    "contact": {
      "phone": "7294654582",
      "email": "rfenkel13@wsj.com"
    },
    "address": {
      "street": "3879 Kinsman Place",
      "city": "Takamatsu-shi",
      "country": "Japan"
    },
    "accessCount": 647,
    "isManager": false
  },
  {
    "id": 41,
    "name": {
      "first": "Evangelina",
      "last": "Petyakov"
    },
    "birthDate": "2000-08-02T19:09:14Z",
    "contact": {
      "phone": "5143059030",
      "email": "epetyakov14@addthis.com"
    },
    "address": {
      "street": "16482 Bartillon Plaza",
      "city": "Balung Barat",
      "country": "Indonesia"
    },
    "accessCount": 500,
    "isManager": true
  },
  {
    "id": 42,
    "name": {
      "first": "Elwira",
      "last": "Goroni"
    },
    "birthDate": "1980-07-09T11:07:53Z",
    "contact": {
      "phone": "4925366892",
      "email": "egoroni15@is.gd"
    },
    "address": {
      "street": "2 Sundown Parkway",
      "city": "Xianghuaqiao",
      "country": "China"
    },
    "accessCount": 442,
    "isManager": true
  },
  {
    "id": 43,
    "name": {
      "first": "Malinde",
      "last": "Konert"
    },
    "birthDate": "2005-06-15T23:24:30Z",
    "contact": {
      "phone": "9704832352",
      "email": "mkonert16@yandex.ru"
    },
    "address": {
      "street": "878 Grayhawk Avenue",
      "city": "Dūāb",
      "country": "Afghanistan"
    },
    "accessCount": 602,
    "isManager": true
  },
  {
    "id": 44,
    "name": {
      "first": "Sharona",
      "last": "Frigot"
    },
    "birthDate": "2004-09-15T13:48:27Z",
    "contact": {
      "phone": "7326615705",
      "email": "sfrigot17@deviantart.com"
    },
    "address": {
      "street": "48 5th Court",
      "city": "Gan Yavne",
      "country": "Israel"
    },
    "accessCount": 784,
    "isManager": false
  },
  {
    "id": 45,
    "name": {
      "first": "Connor",
      "last": "Fry"
    },
    "birthDate": "2016-08-05T19:02:53Z",
    "contact": {
      "phone": "7138600039",
      "email": "cfry18@blogger.com"
    },
    "address": {
      "street": "34251 Rutledge Park",
      "city": "Houston",
      "country": "United States"
    },
    "accessCount": 714,
    "isManager": true
  },
  {
    "id": 46,
    "name": {
      "first": "Barbee",
      "last": "Purdy"
    },
    "birthDate": "2015-08-18T02:26:22Z",
    "contact": {
      "phone": "5539088283",
      "email": "bpurdy19@liveinternet.ru"
    },
    "address": {
      "street": "36 Carpenter Avenue",
      "city": "Alīgūdarz",
      "country": "Iran"
    },
    "accessCount": 359,
    "isManager": false
  },
  {
    "id": 47,
    "name": {
      "first": "Buddie",
      "last": "Beament"
    },
    "birthDate": "1992-03-20T14:57:53Z",
    "contact": {
      "phone": "4704597366",
      "email": "bbeament1a@prnewswire.com"
    },
    "address": {
      "street": "1933 Messerschmidt Pass",
      "city": "Cintra",
      "country": "Argentina"
    },
    "accessCount": 293,
    "isManager": false
  },
  {
    "id": 48,
    "name": {
      "first": "Alayne",
      "last": "Enochsson"
    },
    "birthDate": "2013-08-21T20:25:25Z",
    "contact": {
      "phone": "1928581438",
      "email": "aenochsson1b@msu.edu"
    },
    "address": {
      "street": "4710 Oriole Road",
      "city": "Matadi",
      "country": "Democratic Republic of the Congo"
    },
    "accessCount": 325,
    "isManager": false
  },
  {
    "id": 49,
    "name": {
      "first": "Lothaire",
      "last": "Iacovini"
    },
    "birthDate": "2013-09-11T05:11:28Z",
    "contact": {
      "phone": "3829992608",
      "email": "liacovini1c@w3.org"
    },
    "address": {
      "street": "1 Mayfield Pass",
      "city": "Daluo",
      "country": "China"
    },
    "accessCount": 648,
    "isManager": false
  },
  {
    "id": 50,
    "name": {
      "first": "Coraline",
      "last": "Chevolleau"
    },
    "birthDate": "1991-01-06T20:19:07Z",
    "contact": {
      "phone": "4327085608",
      "email": "cchevolleau1d@wikia.com"
    },
    "address": {
      "street": "818 Melby Lane",
      "city": "Nice",
      "country": "France"
    },
    "accessCount": 226,
    "isManager": false
  },
  {
    "id": 51,
    "name": {
      "first": "Kikelia",
      "last": "Tattoo"
    },
    "birthDate": "1983-04-27T08:28:23Z",
    "contact": {
      "phone": "7998415105",
      "email": "ktattoo1e@mapy.cz"
    },
    "address": {
      "street": "7 Green Ridge Court",
      "city": "Perelyub",
      "country": "Russia"
    },
    "accessCount": 700,
    "isManager": true
  },
  {
    "id": 52,
    "name": {
      "first": "Matthiew",
      "last": "Youdell"
    },
    "birthDate": "2016-11-02T19:30:27Z",
    "contact": {
      "phone": "6451440343",
      "email": "myoudell1f@ustream.tv"
    },
    "address": {
      "street": "29727 Saint Paul Drive",
      "city": "Motala",
      "country": "Sweden"
    },
    "accessCount": 602,
    "isManager": false
  },
  {
    "id": 53,
    "name": {
      "first": "Kylie",
      "last": "Cropper"
    },
    "birthDate": "1996-10-09T16:29:16Z",
    "contact": {
      "phone": "7075547847",
      "email": "kcropper1g@flavors.me"
    },
    "address": {
      "street": "5500 Fieldstone Parkway",
      "city": "Anoek",
      "country": "Indonesia"
    },
    "accessCount": 685,
    "isManager": true
  },
  {
    "id": 54,
    "name": {
      "first": "Randell",
      "last": "Waggett"
    },
    "birthDate": "1984-12-31T01:38:27Z",
    "contact": {
      "phone": "8346010729",
      "email": "rwaggett1h@google.es"
    },
    "address": {
      "street": "48 Summer Ridge Trail",
      "city": "San José de Feliciano",
      "country": "Argentina"
    },
    "accessCount": 207,
    "isManager": false
  },
  {
    "id": 55,
    "name": {
      "first": "Katina",
      "last": "McGarvie"
    },
    "birthDate": "1989-12-10T10:49:22Z",
    "contact": {
      "phone": "3046258670",
      "email": "kmcgarvie1i@flickr.com"
    },
    "address": {
      "street": "72547 Lake View Circle",
      "city": "Guishan",
      "country": "China"
    },
    "accessCount": 659,
    "isManager": false
  },
  {
    "id": 56,
    "name": {
      "first": "Dyanna",
      "last": "Richemont"
    },
    "birthDate": "2009-07-22T19:22:20Z",
    "contact": {
      "phone": "8699528901",
      "email": "drichemont1j@ocn.ne.jp"
    },
    "address": {
      "street": "975 Sherman Park",
      "city": "Mbocayaty",
      "country": "Paraguay"
    },
    "accessCount": 375,
    "isManager": true
  },
  {
    "id": 57,
    "name": {
      "first": "Jannelle",
      "last": "Butts"
    },
    "birthDate": "1998-07-02T03:00:36Z",
    "contact": {
      "phone": "9083068324",
      "email": "jbutts1k@facebook.com"
    },
    "address": {
      "street": "43815 Rieder Plaza",
      "city": "Pereira",
      "country": "Portugal"
    },
    "accessCount": 419,
    "isManager": true
  },
  {
    "id": 58,
    "name": {
      "first": "Colene",
      "last": "Greenman"
    },
    "birthDate": "1994-12-07T14:30:49Z",
    "contact": {
      "phone": "5753845538",
      "email": "cgreenman1l@yahoo.co.jp"
    },
    "address": {
      "street": "287 Corben Court",
      "city": "Sertolovo",
      "country": "Russia"
    },
    "accessCount": 637,
    "isManager": false
  },
  {
    "id": 59,
    "name": {
      "first": "Vlad",
      "last": "Penke"
    },
    "birthDate": "2013-11-07T07:25:54Z",
    "contact": {
      "phone": "8073798494",
      "email": "vpenke1m@soup.io"
    },
    "address": {
      "street": "99543 Bayside Trail",
      "city": "Lisboa",
      "country": "Portugal"
    },
    "accessCount": 787,
    "isManager": false
  },
  {
    "id": 60,
    "name": {
      "first": "Borden",
      "last": "Crownshaw"
    },
    "birthDate": "1992-02-16T23:27:14Z",
    "contact": {
      "phone": "3332598822",
      "email": "bcrownshaw1n@census.gov"
    },
    "address": {
      "street": "77 Hudson Trail",
      "city": "Bovec",
      "country": "Slovenia"
    },
    "accessCount": 292,
    "isManager": false
  },
  {
    "id": 61,
    "name": {
      "first": "Allie",
      "last": "Venart"
    },
    "birthDate": "2004-01-27T23:35:04Z",
    "contact": {
      "phone": "1611763304",
      "email": "avenart1o@japanpost.jp"
    },
    "address": {
      "street": "24 Hazelcrest Terrace",
      "city": "Gamut",
      "country": "Philippines"
    },
    "accessCount": 750,
    "isManager": false
  },
  {
    "id": 62,
    "name": {
      "first": "Maynord",
      "last": "Trundle"
    },
    "birthDate": "2014-08-03T15:23:23Z",
    "contact": {
      "phone": "1329769486",
      "email": "mtrundle1p@nhs.uk"
    },
    "address": {
      "street": "224 Golden Leaf Plaza",
      "city": "Águia Branca",
      "country": "Brazil"
    },
    "accessCount": 757,
    "isManager": false
  },
  {
    "id": 63,
    "name": {
      "first": "Isidoro",
      "last": "Hyder"
    },
    "birthDate": "2015-05-31T00:13:31Z",
    "contact": {
      "phone": "1662734749",
      "email": "ihyder1q@hao123.com"
    },
    "address": {
      "street": "82 Golf Course Street",
      "city": "Chenzhou",
      "country": "China"
    },
    "accessCount": 744,
    "isManager": true
  },
  {
    "id": 64,
    "name": {
      "first": "Pia",
      "last": "Glasspoole"
    },
    "birthDate": "2015-08-08T15:15:04Z",
    "contact": {
      "phone": "4808928730",
      "email": "pglasspoole1r@nationalgeographic.com"
    },
    "address": {
      "street": "14914 Garrison Pass",
      "city": "Jalatrang",
      "country": "Indonesia"
    },
    "accessCount": 777,
    "isManager": false
  },
  {
    "id": 65,
    "name": {
      "first": "Brennen",
      "last": "Rozzell"
    },
    "birthDate": "2008-10-01T23:09:15Z",
    "contact": {
      "phone": "4359934748",
      "email": "brozzell1s@umn.edu"
    },
    "address": {
      "street": "0 Stephen Drive",
      "city": "La Escondida",
      "country": "Mexico"
    },
    "accessCount": 389,
    "isManager": false
  },
  {
    "id": 66,
    "name": {
      "first": "Phedra",
      "last": "Nyssen"
    },
    "birthDate": "1991-12-31T12:46:28Z",
    "contact": {
      "phone": "7655057882",
      "email": "pnyssen1t@ed.gov"
    },
    "address": {
      "street": "05428 Arkansas Way",
      "city": "Hostavice",
      "country": "Czech Republic"
    },
    "accessCount": 374,
    "isManager": false
  },
  {
    "id": 67,
    "name": {
      "first": "Lorrie",
      "last": "McGeorge"
    },
    "birthDate": "1981-03-08T19:07:37Z",
    "contact": {
      "phone": "8955827762",
      "email": "lmcgeorge1u@pagesperso-orange.fr"
    },
    "address": {
      "street": "5 Westridge Center",
      "city": "Gaomiaoji",
      "country": "China"
    },
    "accessCount": 547,
    "isManager": true
  },
  {
    "id": 68,
    "name": {
      "first": "Sarine",
      "last": "Shermar"
    },
    "birthDate": "1997-08-13T17:24:03Z",
    "contact": {
      "phone": "3499075170",
      "email": "sshermar1v@hhs.gov"
    },
    "address": {
      "street": "806 Ohio Lane",
      "city": "Kolobolon",
      "country": "Indonesia"
    },
    "accessCount": 667,
    "isManager": false
  },
  {
    "id": 69,
    "name": {
      "first": "Lora",
      "last": "Chaudret"
    },
    "birthDate": "1992-08-18T13:07:33Z",
    "contact": {
      "phone": "9333767154",
      "email": "lchaudret1w@arizona.edu"
    },
    "address": {
      "street": "84 Monica Court",
      "city": "Mosal’sk",
      "country": "Russia"
    },
    "accessCount": 225,
    "isManager": true
  },
  {
    "id": 70,
    "name": {
      "first": "Dorelle",
      "last": "Spearett"
    },
    "birthDate": "2000-02-16T02:43:56Z",
    "contact": {
      "phone": "8883531082",
      "email": "dspearett1x@hostgator.com"
    },
    "address": {
      "street": "490 Oak Valley Crossing",
      "city": "Taboc",
      "country": "Philippines"
    },
    "accessCount": 776,
    "isManager": false
  },
  {
    "id": 71,
    "name": {
      "first": "Florida",
      "last": "Couves"
    },
    "birthDate": "2000-09-04T20:54:11Z",
    "contact": {
      "phone": "7299357382",
      "email": "fcouves1y@homestead.com"
    },
    "address": {
      "street": "884 Vernon Hill",
      "city": "Banaba",
      "country": "Philippines"
    },
    "accessCount": 746,
    "isManager": false
  },
  {
    "id": 72,
    "name": {
      "first": "Orbadiah",
      "last": "Poter"
    },
    "birthDate": "2017-07-13T17:58:57Z",
    "contact": {
      "phone": "9723016898",
      "email": "opoter1z@disqus.com"
    },
    "address": {
      "street": "70 American Pass",
      "city": "Xin’an",
      "country": "China"
    },
    "accessCount": 648,
    "isManager": false
  },
  {
    "id": 73,
    "name": {
      "first": "Yank",
      "last": "Pahl"
    },
    "birthDate": "1987-12-14T05:32:15Z",
    "contact": {
      "phone": "1584270057",
      "email": "ypahl20@eventbrite.com"
    },
    "address": {
      "street": "305 Sullivan Court",
      "city": "Kudinovo",
      "country": "Russia"
    },
    "accessCount": 476,
    "isManager": true
  },
  {
    "id": 74,
    "name": {
      "first": "Amara",
      "last": "Pittson"
    },
    "birthDate": "1990-01-18T00:38:42Z",
    "contact": {
      "phone": "9017809410",
      "email": "apittson21@delicious.com"
    },
    "address": {
      "street": "44 Melrose Road",
      "city": "Heishui",
      "country": "China"
    },
    "accessCount": 614,
    "isManager": false
  },
  {
    "id": 75,
    "name": {
      "first": "Brand",
      "last": "Jukubczak"
    },
    "birthDate": "2007-05-13T02:28:51Z",
    "contact": {
      "phone": "1675855319",
      "email": "bjukubczak22@businesswire.com"
    },
    "address": {
      "street": "35493 Kinsman Terrace",
      "city": "Forestville",
      "country": "Canada"
    },
    "accessCount": 229,
    "isManager": true
  },
  {
    "id": 76,
    "name": {
      "first": "Hanna",
      "last": "Gandy"
    },
    "birthDate": "1989-10-15T19:24:54Z",
    "contact": {
      "phone": "8053248157",
      "email": "hgandy23@umn.edu"
    },
    "address": {
      "street": "3725 New Castle Court",
      "city": "Niquero",
      "country": "Cuba"
    },
    "accessCount": 725,
    "isManager": true
  },
  {
    "id": 77,
    "name": {
      "first": "Heidie",
      "last": "Doxey"
    },
    "birthDate": "2002-11-13T01:25:51Z",
    "contact": {
      "phone": "3413603795",
      "email": "hdoxey24@ocn.ne.jp"
    },
    "address": {
      "street": "41 Fremont Terrace",
      "city": "Wangmang",
      "country": "China"
    },
    "accessCount": 465,
    "isManager": false
  },
  {
    "id": 78,
    "name": {
      "first": "Rodrick",
      "last": "Stubbes"
    },
    "birthDate": "2004-04-28T17:27:43Z",
    "contact": {
      "phone": "4817626838",
      "email": "rstubbes25@admin.ch"
    },
    "address": {
      "street": "725 Morning Point",
      "city": "Pećigrad",
      "country": "Bosnia and Herzegovina"
    },
    "accessCount": 494,
    "isManager": true
  },
  {
    "id": 79,
    "name": {
      "first": "Royall",
      "last": "Overington"
    },
    "birthDate": "2007-11-11T18:30:16Z",
    "contact": {
      "phone": "9838903220",
      "email": "roverington26@fema.gov"
    },
    "address": {
      "street": "879 Gale Hill",
      "city": "Pasirmadang",
      "country": "Indonesia"
    },
    "accessCount": 671,
    "isManager": true
  },
  {
    "id": 80,
    "name": {
      "first": "Hilly",
      "last": "Meddemmen"
    },
    "birthDate": "1986-08-31T13:09:13Z",
    "contact": {
      "phone": "1584664683",
      "email": "hmeddemmen27@timesonline.co.uk"
    },
    "address": {
      "street": "065 Cherokee Circle",
      "city": "Tuchola",
      "country": "Poland"
    },
    "accessCount": 321,
    "isManager": true
  },
  {
    "id": 81,
    "name": {
      "first": "Margarette",
      "last": "Haste"
    },
    "birthDate": "2018-04-15T09:22:22Z",
    "contact": {
      "phone": "2652927192",
      "email": "mhaste28@newyorker.com"
    },
    "address": {
      "street": "66287 Loomis Center",
      "city": "Pa Mok",
      "country": "Thailand"
    },
    "accessCount": 339,
    "isManager": true
  },
  {
    "id": 82,
    "name": {
      "first": "Archy",
      "last": "Lechelle"
    },
    "birthDate": "2001-07-30T03:41:54Z",
    "contact": {
      "phone": "3995358763",
      "email": "alechelle29@blog.com"
    },
    "address": {
      "street": "2613 Bonner Parkway",
      "city": "Ngeni",
      "country": "Indonesia"
    },
    "accessCount": 209,
    "isManager": false
  },
  {
    "id": 83,
    "name": {
      "first": "Ada",
      "last": "Hellin"
    },
    "birthDate": "2009-02-21T20:44:26Z",
    "contact": {
      "phone": "7851141307",
      "email": "ahellin2a@weebly.com"
    },
    "address": {
      "street": "1047 Bay Hill",
      "city": "Marialva",
      "country": "Brazil"
    },
    "accessCount": 509,
    "isManager": true
  },
  {
    "id": 84,
    "name": {
      "first": "Weber",
      "last": "Rein"
    },
    "birthDate": "1996-12-21T18:46:56Z",
    "contact": {
      "phone": "8313930988",
      "email": "wrein2b@yandex.ru"
    },
    "address": {
      "street": "77 East Way",
      "city": "Dob",
      "country": "Slovenia"
    },
    "accessCount": 413,
    "isManager": true
  },
  {
    "id": 85,
    "name": {
      "first": "Nani",
      "last": "Woolforde"
    },
    "birthDate": "2006-05-10T15:59:44Z",
    "contact": {
      "phone": "4543637957",
      "email": "nwoolforde2c@squidoo.com"
    },
    "address": {
      "street": "022 Kipling Court",
      "city": "Borovskoy",
      "country": "Kazakhstan"
    },
    "accessCount": 511,
    "isManager": false
  },
  {
    "id": 86,
    "name": {
      "first": "Louis",
      "last": "Leroy"
    },
    "birthDate": "1998-12-07T18:03:13Z",
    "contact": {
      "phone": "6576961701",
      "email": "lleroy2d@ted.com"
    },
    "address": {
      "street": "6 Westport Point",
      "city": "Goryachevodskiy",
      "country": "Russia"
    },
    "accessCount": 547,
    "isManager": false
  },
  {
    "id": 87,
    "name": {
      "first": "Irene",
      "last": "Michelmore"
    },
    "birthDate": "1994-12-06T19:54:13Z",
    "contact": {
      "phone": "2617006466",
      "email": "imichelmore2e@apache.org"
    },
    "address": {
      "street": "24890 Monterey Hill",
      "city": "Balangonan",
      "country": "Philippines"
    },
    "accessCount": 791,
    "isManager": true
  },
  {
    "id": 88,
    "name": {
      "first": "Moritz",
      "last": "Warwicker"
    },
    "birthDate": "1984-01-06T07:03:01Z",
    "contact": {
      "phone": "4235776943",
      "email": "mwarwicker2f@mysql.com"
    },
    "address": {
      "street": "73277 Corben Terrace",
      "city": "Lumijoki",
      "country": "Finland"
    },
    "accessCount": 410,
    "isManager": false
  },
  {
    "id": 89,
    "name": {
      "first": "Nowell",
      "last": "Lapre"
    },
    "birthDate": "2011-07-28T18:38:15Z",
    "contact": {
      "phone": "9226722331",
      "email": "nlapre2g@army.mil"
    },
    "address": {
      "street": "5 Golf Course Road",
      "city": "Ibaraki",
      "country": "Japan"
    },
    "accessCount": 666,
    "isManager": true
  },
  {
    "id": 90,
    "name": {
      "first": "Shelagh",
      "last": "Eastabrook"
    },
    "birthDate": "1993-12-07T02:46:38Z",
    "contact": {
      "phone": "6266314082",
      "email": "seastabrook2h@yale.edu"
    },
    "address": {
      "street": "43 Independence Plaza",
      "city": "Sobeok",
      "country": "Indonesia"
    },
    "accessCount": 334,
    "isManager": false
  },
  {
    "id": 91,
    "name": {
      "first": "Harriette",
      "last": "Posnette"
    },
    "birthDate": "1980-02-14T05:41:58Z",
    "contact": {
      "phone": "9023534740",
      "email": "hposnette2i@timesonline.co.uk"
    },
    "address": {
      "street": "18 3rd Junction",
      "city": "Devon",
      "country": "Canada"
    },
    "accessCount": 510,
    "isManager": false
  },
  {
    "id": 92,
    "name": {
      "first": "Cordy",
      "last": "Menaul"
    },
    "birthDate": "1993-12-03T17:40:45Z",
    "contact": {
      "phone": "1799283706",
      "email": "cmenaul2j@engadget.com"
    },
    "address": {
      "street": "1 Mayer Junction",
      "city": "Sekarjalak",
      "country": "Indonesia"
    },
    "accessCount": 616,
    "isManager": false
  },
  {
    "id": 93,
    "name": {
      "first": "Ida",
      "last": "Byrd"
    },
    "birthDate": "1985-08-26T15:52:45Z",
    "contact": {
      "phone": "8049823623",
      "email": "ibyrd2k@bluehost.com"
    },
    "address": {
      "street": "8 Beilfuss Terrace",
      "city": "Venado Tuerto",
      "country": "Argentina"
    },
    "accessCount": 417,
    "isManager": false
  },
  {
    "id": 94,
    "name": {
      "first": "Fredi",
      "last": "Hum"
    },
    "birthDate": "2014-09-18T01:36:27Z",
    "contact": {
      "phone": "1934035129",
      "email": "fhum2l@ovh.net"
    },
    "address": {
      "street": "7008 Riverside Junction",
      "city": "Shiyang",
      "country": "China"
    },
    "accessCount": 353,
    "isManager": true
  },
  {
    "id": 95,
    "name": {
      "first": "Gregoire",
      "last": "Parchment"
    },
    "birthDate": "1999-04-16T04:24:23Z",
    "contact": {
      "phone": "7468012728",
      "email": "gparchment2m@booking.com"
    },
    "address": {
      "street": "860 Mitchell Court",
      "city": "Matou",
      "country": "China"
    },
    "accessCount": 688,
    "isManager": false
  },
  {
    "id": 96,
    "name": {
      "first": "Alfons",
      "last": "Sarton"
    },
    "birthDate": "2014-10-31T22:02:15Z",
    "contact": {
      "phone": "7401693774",
      "email": "asarton2n@ox.ac.uk"
    },
    "address": {
      "street": "8 Twin Pines Way",
      "city": "Bilhó",
      "country": "Portugal"
    },
    "accessCount": 259,
    "isManager": false
  },
  {
    "id": 97,
    "name": {
      "first": "Antonetta",
      "last": "Giottini"
    },
    "birthDate": "1991-02-26T00:25:50Z",
    "contact": {
      "phone": "6376159163",
      "email": "agiottini2o@seattletimes.com"
    },
    "address": {
      "street": "33954 Little Fleur Avenue",
      "city": "Congkar",
      "country": "Indonesia"
    },
    "accessCount": 601,
    "isManager": false
  },
  {
    "id": 98,
    "name": {
      "first": "Annabel",
      "last": "Burling"
    },
    "birthDate": "2003-01-27T23:22:20Z",
    "contact": {
      "phone": "2345329670",
      "email": "aburling2p@blinklist.com"
    },
    "address": {
      "street": "7612 Sunbrook Lane",
      "city": "Babatngon",
      "country": "Philippines"
    },
    "accessCount": 728,
    "isManager": false
  },
  {
    "id": 99,
    "name": {
      "first": "Ida",
      "last": "Elcoux"
    },
    "birthDate": "1989-12-18T00:55:46Z",
    "contact": {
      "phone": "8808363172",
      "email": "ielcoux2q@npr.org"
    },
    "address": {
      "street": "9 Merrick Lane",
      "city": "Old Kilcullen",
      "country": "Ireland"
    },
    "accessCount": 516,
    "isManager": false
  },
  {
    "id": 100,
    "name": {
      "first": "Guthry",
      "last": "Gash"
    },
    "birthDate": "2001-07-23T11:59:42Z",
    "contact": {
      "phone": "2751029638",
      "email": "ggash2r@stumbleupon.com"
    },
    "address": {
      "street": "9 Clove Circle",
      "city": "Al ‘Ayzarīyah",
      "country": "Palestinian Territory"
    },
    "accessCount": 261,
    "isManager": true
  },
  {
    "id": 101,
    "name": {
      "first": "Ania",
      "last": "Andrin"
    },
    "birthDate": "1985-07-08T11:03:57Z",
    "contact": {
      "phone": "3902763312",
      "email": "aandrin2s@loc.gov"
    },
    "address": {
      "street": "433 Fair Oaks Circle",
      "city": "Argavand",
      "country": "Armenia"
    },
    "accessCount": 715,
    "isManager": false
  },
  {
    "id": 102,
    "name": {
      "first": "Timmy",
      "last": "Seaman"
    },
    "birthDate": "1995-07-04T00:32:30Z",
    "contact": {
      "phone": "9046529511",
      "email": "tseaman2t@freewebs.com"
    },
    "address": {
      "street": "1 Thierer Trail",
      "city": "Jacksonville",
      "country": "United States"
    },
    "accessCount": 517,
    "isManager": false
  },
  {
    "id": 103,
    "name": {
      "first": "Rodrick",
      "last": "Novic"
    },
    "birthDate": "1998-10-09T22:55:06Z",
    "contact": {
      "phone": "1872552723",
      "email": "rnovic2u@washington.edu"
    },
    "address": {
      "street": "1736 Gateway Hill",
      "city": "Hōjō",
      "country": "Japan"
    },
    "accessCount": 432,
    "isManager": false
  },
  {
    "id": 104,
    "name": {
      "first": "Pippo",
      "last": "Giercke"
    },
    "birthDate": "2013-01-04T08:44:28Z",
    "contact": {
      "phone": "9005524457",
      "email": "pgiercke2v@weebly.com"
    },
    "address": {
      "street": "0260 Sheridan Lane",
      "city": "Tigre",
      "country": "Argentina"
    },
    "accessCount": 632,
    "isManager": false
  },
  {
    "id": 105,
    "name": {
      "first": "Caresse",
      "last": "Arniz"
    },
    "birthDate": "1984-08-07T00:49:36Z",
    "contact": {
      "phone": "8648717485",
      "email": "carniz2w@ovh.net"
    },
    "address": {
      "street": "731 Redwing Way",
      "city": "Sakchu-ŭp",
      "country": "North Korea"
    },
    "accessCount": 350,
    "isManager": false
  },
  {
    "id": 106,
    "name": {
      "first": "Curtis",
      "last": "Osgardby"
    },
    "birthDate": "2003-02-25T07:25:17Z",
    "contact": {
      "phone": "4536290322",
      "email": "cosgardby2x@hugedomains.com"
    },
    "address": {
      "street": "5 Melody Center",
      "city": "Lomba",
      "country": "Portugal"
    },
    "accessCount": 740,
    "isManager": true
  },
  {
    "id": 107,
    "name": {
      "first": "Baron",
      "last": "Shevlan"
    },
    "birthDate": "2005-04-04T08:18:51Z",
    "contact": {
      "phone": "2595746158",
      "email": "bshevlan2y@sun.com"
    },
    "address": {
      "street": "26220 Mifflin Plaza",
      "city": "Kampunganyar",
      "country": "Indonesia"
    },
    "accessCount": 630,
    "isManager": true
  },
  {
    "id": 108,
    "name": {
      "first": "Stephenie",
      "last": "Guiet"
    },
    "birthDate": "2008-02-20T21:04:11Z",
    "contact": {
      "phone": "1584566154",
      "email": "sguiet2z@lulu.com"
    },
    "address": {
      "street": "32 Hollow Ridge Drive",
      "city": "Jingdang",
      "country": "China"
    },
    "accessCount": 342,
    "isManager": true
  },
  {
    "id": 109,
    "name": {
      "first": "Hailee",
      "last": "Cartan"
    },
    "birthDate": "1987-09-18T05:26:25Z",
    "contact": {
      "phone": "7864614567",
      "email": "hcartan30@imdb.com"
    },
    "address": {
      "street": "937 Mcguire Park",
      "city": "Ipojuca",
      "country": "Brazil"
    },
    "accessCount": 506,
    "isManager": true
  },
  {
    "id": 110,
    "name": {
      "first": "Lauree",
      "last": "Bennallck"
    },
    "birthDate": "1990-01-10T13:21:24Z",
    "contact": {
      "phone": "4169629612",
      "email": "lbennallck31@uiuc.edu"
    },
    "address": {
      "street": "86 Knutson Center",
      "city": "Gravataí",
      "country": "Brazil"
    },
    "accessCount": 370,
    "isManager": false
  },
  {
    "id": 111,
    "name": {
      "first": "Pacorro",
      "last": "Sponton"
    },
    "birthDate": "1988-06-06T04:14:02Z",
    "contact": {
      "phone": "5422696160",
      "email": "psponton32@virginia.edu"
    },
    "address": {
      "street": "86851 Brown Hill",
      "city": "Kukuluk",
      "country": "Indonesia"
    },
    "accessCount": 701,
    "isManager": false
  },
  {
    "id": 112,
    "name": {
      "first": "Stefanie",
      "last": "Pamment"
    },
    "birthDate": "2015-09-24T06:19:06Z",
    "contact": {
      "phone": "2106351128",
      "email": "spamment33@sciencedirect.com"
    },
    "address": {
      "street": "00 Banding Way",
      "city": "San Antonio",
      "country": "United States"
    },
    "accessCount": 201,
    "isManager": true
  },
  {
    "id": 113,
    "name": {
      "first": "Adela",
      "last": "Akroyd"
    },
    "birthDate": "1989-09-11T08:59:49Z",
    "contact": {
      "phone": "3648464458",
      "email": "aakroyd34@icio.us"
    },
    "address": {
      "street": "787 Manufacturers Alley",
      "city": "Bryansk",
      "country": "Russia"
    },
    "accessCount": 213,
    "isManager": true
  },
  {
    "id": 114,
    "name": {
      "first": "Kay",
      "last": "Poundford"
    },
    "birthDate": "2012-09-01T20:57:42Z",
    "contact": {
      "phone": "3053808739",
      "email": "kpoundford35@github.io"
    },
    "address": {
      "street": "713 Nevada Center",
      "city": "Shuangpengxi",
      "country": "China"
    },
    "accessCount": 656,
    "isManager": true
  },
  {
    "id": 115,
    "name": {
      "first": "Leonanie",
      "last": "Seignior"
    },
    "birthDate": "2006-12-15T02:33:51Z",
    "contact": {
      "phone": "9675786429",
      "email": "lseignior36@foxnews.com"
    },
    "address": {
      "street": "676 Dixon Alley",
      "city": "Kpalimé",
      "country": "Togo"
    },
    "accessCount": 280,
    "isManager": true
  },
  {
    "id": 116,
    "name": {
      "first": "Cyrille",
      "last": "Brumbie"
    },
    "birthDate": "2004-01-26T15:13:01Z",
    "contact": {
      "phone": "5281011212",
      "email": "cbrumbie37@t.co"
    },
    "address": {
      "street": "3 Anhalt Parkway",
      "city": "Orlová",
      "country": "Czech Republic"
    },
    "accessCount": 249,
    "isManager": true
  },
  {
    "id": 117,
    "name": {
      "first": "Ester",
      "last": "Moulds"
    },
    "birthDate": "1998-12-03T14:50:42Z",
    "contact": {
      "phone": "2216029462",
      "email": "emoulds38@istockphoto.com"
    },
    "address": {
      "street": "7115 Logan Trail",
      "city": "Bringinanom",
      "country": "Indonesia"
    },
    "accessCount": 561,
    "isManager": true
  },
  {
    "id": 118,
    "name": {
      "first": "Cherye",
      "last": "Entissle"
    },
    "birthDate": "1989-03-09T16:19:48Z",
    "contact": {
      "phone": "1899000186",
      "email": "centissle39@pinterest.com"
    },
    "address": {
      "street": "1640 Arapahoe Alley",
      "city": "Gurinai",
      "country": "China"
    },
    "accessCount": 386,
    "isManager": false
  },
  {
    "id": 119,
    "name": {
      "first": "Filmer",
      "last": "Markham"
    },
    "birthDate": "1998-06-09T07:32:23Z",
    "contact": {
      "phone": "8194660674",
      "email": "fmarkham3a@fc2.com"
    },
    "address": {
      "street": "16265 Rockefeller Crossing",
      "city": "Stockholm",
      "country": "Sweden"
    },
    "accessCount": 712,
    "isManager": false
  },
  {
    "id": 120,
    "name": {
      "first": "Desirae",
      "last": "Staning"
    },
    "birthDate": "1987-03-19T06:55:29Z",
    "contact": {
      "phone": "2263392071",
      "email": "dstaning3b@nationalgeographic.com"
    },
    "address": {
      "street": "18484 Dexter Parkway",
      "city": "Bangrat",
      "country": "Indonesia"
    },
    "accessCount": 592,
    "isManager": true
  },
  {
    "id": 121,
    "name": {
      "first": "Maitilde",
      "last": "Gillmor"
    },
    "birthDate": "1985-04-04T02:04:57Z",
    "contact": {
      "phone": "3732146357",
      "email": "mgillmor3c@paginegialle.it"
    },
    "address": {
      "street": "9 Forest Run Street",
      "city": "Chrást",
      "country": "Czech Republic"
    },
    "accessCount": 763,
    "isManager": true
  },
  {
    "id": 122,
    "name": {
      "first": "Beulah",
      "last": "Forsard"
    },
    "birthDate": "1990-11-18T06:45:24Z",
    "contact": {
      "phone": "8693086197",
      "email": "bforsard3d@blinklist.com"
    },
    "address": {
      "street": "4 Prairie Rose Parkway",
      "city": "Xiakou",
      "country": "China"
    },
    "accessCount": 679,
    "isManager": true
  },
  {
    "id": 123,
    "name": {
      "first": "Amalea",
      "last": "Mellmoth"
    },
    "birthDate": "2018-12-21T23:02:47Z",
    "contact": {
      "phone": "3915816663",
      "email": "amellmoth3e@posterous.com"
    },
    "address": {
      "street": "3224 Algoma Way",
      "city": "At-Bashi",
      "country": "Kyrgyzstan"
    },
    "accessCount": 402,
    "isManager": false
  },
  {
    "id": 124,
    "name": {
      "first": "Carter",
      "last": "Phillipson"
    },
    "birthDate": "2002-02-02T01:47:04Z",
    "contact": {
      "phone": "7297431863",
      "email": "cphillipson3f@com.com"
    },
    "address": {
      "street": "82586 Dennis Lane",
      "city": "Shuikou",
      "country": "China"
    },
    "accessCount": 244,
    "isManager": true
  },
  {
    "id": 125,
    "name": {
      "first": "Anna",
      "last": "Pace"
    },
    "birthDate": "1993-05-30T07:41:14Z",
    "contact": {
      "phone": "6496329849",
      "email": "apace3g@cdbaby.com"
    },
    "address": {
      "street": "997 Hayes Center",
      "city": "Santo Tomas",
      "country": "Philippines"
    },
    "accessCount": 431,
    "isManager": true
  },
  {
    "id": 126,
    "name": {
      "first": "Flor",
      "last": "Bernardon"
    },
    "birthDate": "2003-05-09T12:16:42Z",
    "contact": {
      "phone": "8677618645",
      "email": "fbernardon3h@ameblo.jp"
    },
    "address": {
      "street": "457 Cambridge Alley",
      "city": "Corgo",
      "country": "Portugal"
    },
    "accessCount": 509,
    "isManager": false
  },
  {
    "id": 127,
    "name": {
      "first": "Julia",
      "last": "Filson"
    },
    "birthDate": "2014-04-23T17:29:26Z",
    "contact": {
      "phone": "3735826571",
      "email": "jfilson3i@salon.com"
    },
    "address": {
      "street": "63 Charing Cross Avenue",
      "city": "Borovan",
      "country": "Bulgaria"
    },
    "accessCount": 771,
    "isManager": false
  },
  {
    "id": 128,
    "name": {
      "first": "Nonie",
      "last": "Wayland"
    },
    "birthDate": "1998-05-17T03:10:36Z",
    "contact": {
      "phone": "2142816757",
      "email": "nwayland3j@ebay.com"
    },
    "address": {
      "street": "88 Sommers Road",
      "city": "Sölvesborg",
      "country": "Sweden"
    },
    "accessCount": 755,
    "isManager": true
  },
  {
    "id": 129,
    "name": {
      "first": "Bartholemy",
      "last": "Millea"
    },
    "birthDate": "2008-05-02T19:49:23Z",
    "contact": {
      "phone": "8095641598",
      "email": "bmillea3k@wordpress.org"
    },
    "address": {
      "street": "6863 Amoth Junction",
      "city": "Kedungbang",
      "country": "Indonesia"
    },
    "accessCount": 498,
    "isManager": true
  },
  {
    "id": 130,
    "name": {
      "first": "Ebenezer",
      "last": "Angove"
    },
    "birthDate": "1997-07-30T11:38:37Z",
    "contact": {
      "phone": "2038147808",
      "email": "eangove3l@yahoo.com"
    },
    "address": {
      "street": "0 Randy Terrace",
      "city": "Niort",
      "country": "France"
    },
    "accessCount": 741,
    "isManager": true
  },
  {
    "id": 131,
    "name": {
      "first": "Niles",
      "last": "Risborough"
    },
    "birthDate": "1993-05-19T22:54:12Z",
    "contact": {
      "phone": "1281187275",
      "email": "nrisborough3m@buzzfeed.com"
    },
    "address": {
      "street": "0 Melrose Park",
      "city": "Spasskoye-Lutovinovo",
      "country": "Russia"
    },
    "accessCount": 578,
    "isManager": false
  },
  {
    "id": 132,
    "name": {
      "first": "Cullan",
      "last": "Matevosian"
    },
    "birthDate": "1988-10-13T02:40:09Z",
    "contact": {
      "phone": "8325122252",
      "email": "cmatevosian3n@qq.com"
    },
    "address": {
      "street": "715 Porter Trail",
      "city": "Houston",
      "country": "United States"
    },
    "accessCount": 784,
    "isManager": true
  },
  {
    "id": 133,
    "name": {
      "first": "Orlan",
      "last": "Heaney"
    },
    "birthDate": "1986-02-03T02:26:56Z",
    "contact": {
      "phone": "9024442178",
      "email": "ooheaney3o@comcast.net"
    },
    "address": {
      "street": "25 Comanche Terrace",
      "city": "Taoyuan",
      "country": "China"
    },
    "accessCount": 381,
    "isManager": true
  },
  {
    "id": 134,
    "name": {
      "first": "Eugenia",
      "last": "Chazotte"
    },
    "birthDate": "1991-09-22T00:48:50Z",
    "contact": {
      "phone": "5344990811",
      "email": "echazotte3p@apple.com"
    },
    "address": {
      "street": "6041 Autumn Leaf Lane",
      "city": "Finote Selam",
      "country": "Ethiopia"
    },
    "accessCount": 715,
    "isManager": false
  },
  {
    "id": 135,
    "name": {
      "first": "Stevena",
      "last": "Brownsett"
    },
    "birthDate": "2008-02-27T12:51:06Z",
    "contact": {
      "phone": "8944495408",
      "email": "sbrownsett3q@desdev.cn"
    },
    "address": {
      "street": "1204 New Castle Lane",
      "city": "Paccha",
      "country": "Peru"
    },
    "accessCount": 413,
    "isManager": false
  },
  {
    "id": 136,
    "name": {
      "first": "Osbourne",
      "last": "Laux"
    },
    "birthDate": "1987-06-18T05:15:05Z",
    "contact": {
      "phone": "2734365633",
      "email": "olaux3r@weibo.com"
    },
    "address": {
      "street": "6706 Haas Parkway",
      "city": "Lagyná",
      "country": "Greece"
    },
    "accessCount": 513,
    "isManager": false
  },
  {
    "id": 137,
    "name": {
      "first": "Garreth",
      "last": "Adamovitz"
    },
    "birthDate": "2010-01-30T18:49:31Z",
    "contact": {
      "phone": "9398820365",
      "email": "gadamovitz3s@discovery.com"
    },
    "address": {
      "street": "57 Veith Parkway",
      "city": "Nanyi",
      "country": "China"
    },
    "accessCount": 570,
    "isManager": false
  },
  {
    "id": 138,
    "name": {
      "first": "Chico",
      "last": "Benge"
    },
    "birthDate": "1986-05-30T13:42:19Z",
    "contact": {
      "phone": "1369100369",
      "email": "cbenge3t@seesaa.net"
    },
    "address": {
      "street": "1923 Melrose Hill",
      "city": "Arţās",
      "country": "Palestinian Territory"
    },
    "accessCount": 784,
    "isManager": false
  },
  {
    "id": 139,
    "name": {
      "first": "Marley",
      "last": "Saxton"
    },
    "birthDate": "2010-10-06T23:22:16Z",
    "contact": {
      "phone": "8821498933",
      "email": "msaxton3u@netvibes.com"
    },
    "address": {
      "street": "5 Fallview Terrace",
      "city": "Lagnieu",
      "country": "France"
    },
    "accessCount": 345,
    "isManager": false
  },
  {
    "id": 140,
    "name": {
      "first": "Stanislas",
      "last": "Philler"
    },
    "birthDate": "2014-09-01T03:03:34Z",
    "contact": {
      "phone": "8391128117",
      "email": "sphiller3v@apple.com"
    },
    "address": {
      "street": "34 Pearson Point",
      "city": "Bangbayang Kaler",
      "country": "Indonesia"
    },
    "accessCount": 614,
    "isManager": true
  },
  {
    "id": 141,
    "name": {
      "first": "Angelico",
      "last": "Claudio"
    },
    "birthDate": "2012-04-02T22:31:51Z",
    "contact": {
      "phone": "7346458634",
      "email": "adiclaudio3w@simplemachines.org"
    },
    "address": {
      "street": "45125 Becker Drive",
      "city": "Shimeitang",
      "country": "China"
    },
    "accessCount": 710,
    "isManager": false
  },
  {
    "id": 142,
    "name": {
      "first": "Roseann",
      "last": "Soppeth"
    },
    "birthDate": "2008-03-05T05:23:54Z",
    "contact": {
      "phone": "2776720536",
      "email": "rsoppeth3x@typepad.com"
    },
    "address": {
      "street": "0 Memorial Drive",
      "city": "Morro do Chapéu",
      "country": "Brazil"
    },
    "accessCount": 562,
    "isManager": false
  },
  {
    "id": 143,
    "name": {
      "first": "Judah",
      "last": "Hutchinges"
    },
    "birthDate": "2008-04-04T02:26:52Z",
    "contact": {
      "phone": "3014975724",
      "email": "jhutchinges3y@seattletimes.com"
    },
    "address": {
      "street": "2 Michigan Crossing",
      "city": "Havířov",
      "country": "Czech Republic"
    },
    "accessCount": 378,
    "isManager": true
  },
  {
    "id": 144,
    "name": {
      "first": "Neil",
      "last": "Yosifov"
    },
    "birthDate": "1992-06-18T17:49:14Z",
    "contact": {
      "phone": "5301785976",
      "email": "nyosifov3z@washingtonpost.com"
    },
    "address": {
      "street": "78 Sommers Hill",
      "city": "Sacramento",
      "country": "United States"
    },
    "accessCount": 779,
    "isManager": false
  },
  {
    "id": 145,
    "name": {
      "first": "Berkley",
      "last": "Dendle"
    },
    "birthDate": "2014-02-11T00:35:44Z",
    "contact": {
      "phone": "7216593506",
      "email": "bdendle40@nps.gov"
    },
    "address": {
      "street": "025 Bashford Avenue",
      "city": "Boa Vista",
      "country": "Brazil"
    },
    "accessCount": 678,
    "isManager": false
  },
  {
    "id": 146,
    "name": {
      "first": "Thorpe",
      "last": "Hellier"
    },
    "birthDate": "1994-10-01T19:57:43Z",
    "contact": {
      "phone": "9934754851",
      "email": "thellier41@parallels.com"
    },
    "address": {
      "street": "3 Corry Pass",
      "city": "Kashar",
      "country": "Albania"
    },
    "accessCount": 389,
    "isManager": false
  },
  {
    "id": 147,
    "name": {
      "first": "Tobin",
      "last": "Bendelow"
    },
    "birthDate": "1995-06-17T10:19:10Z",
    "contact": {
      "phone": "7176303071",
      "email": "tbendelow42@msu.edu"
    },
    "address": {
      "street": "3 Sauthoff Trail",
      "city": "Harrisburg",
      "country": "United States"
    },
    "accessCount": 655,
    "isManager": true
  },
  {
    "id": 148,
    "name": {
      "first": "Torie",
      "last": "Chaloner"
    },
    "birthDate": "1984-05-30T02:05:06Z",
    "contact": {
      "phone": "8617260527",
      "email": "tchaloner43@bravesites.com"
    },
    "address": {
      "street": "4 Ridgeview Plaza",
      "city": "Galatás",
      "country": "Greece"
    },
    "accessCount": 627,
    "isManager": false
  },
  {
    "id": 149,
    "name": {
      "first": "Weber",
      "last": "Habishaw"
    },
    "birthDate": "2014-11-25T01:35:58Z",
    "contact": {
      "phone": "7224935855",
      "email": "whabishaw44@ted.com"
    },
    "address": {
      "street": "524 Manufacturers Terrace",
      "city": "Smečno",
      "country": "Czech Republic"
    },
    "accessCount": 342,
    "isManager": true
  },
  {
    "id": 150,
    "name": {
      "first": "Elyse",
      "last": "Bullick"
    },
    "birthDate": "1995-04-20T15:01:32Z",
    "contact": {
      "phone": "7439382877",
      "email": "ebullick45@boston.com"
    },
    "address": {
      "street": "70 Morrow Plaza",
      "city": "Olejet",
      "country": "Indonesia"
    },
    "accessCount": 518,
    "isManager": true
  }
]
